{
    "categories": [
        {"id": 1, "name": "Электроника"},
        {"id": 2, "name": "Одежда"},
        {"id": 3, "name": "Книги"}
    ],
    "products": [
        {
            "id": 1,
            "category_id": 1,
            "name": "Смартфон",
            "price": 29990,
            "description": "Новый флагманский смартфон",
            "image": "phone.jpg"
        },
        {
            "id": 2,
            "category_id": 2,
            "name": "Футболка",
            "price": 1990,
            "description": "Хлопковая футболка"
        }
    ]
}